isotype	I	II	III	IV	V	X	I_hapshare	II_hapshare	III_hapshare	IV_hapshare	V_hapshare	X_hapshare	swept_chroms
AB1	TRUE	FALSE	FALSE	TRUE	TRUE	TRUE	0.6923288331278132	0.23403204114346815	0.0806034893732855	0.6453515427548637	0.8440036694959787	0.7616957615386908	4
BRC20067	TRUE	FALSE	FALSE	TRUE	TRUE	TRUE	0.2472339730784087	0.9001086299237242	0.35482279832569474	0.9027901685218249	0.9875437895032291	0.9814624321485882	4
BRC20263	TRUE	FALSE	FALSE	TRUE	TRUE	TRUE	0.35009769397098117	0.1811393092677963	0.1435022413593577	0.7885414742379738	0.44864556746598483	0.6741080096046264	4
CB4851	TRUE	FALSE	FALSE	FALSE	TRUE	TRUE	0.6297281691804724	0.1309096136492912	0.07024650949857454	0.00161793424049915	0.6521791544031184	0.23088708920039408	3
CB4852	TRUE	FALSE	FALSE	TRUE	TRUE	TRUE	0.8194983759704688	0.39024043326358304	0.32463741217794334	0.9678646208369274	0.990113640275294	0.5896503851874193	4
CB4853	TRUE	FALSE	FALSE	TRUE	TRUE	TRUE	0.7817952727267901	0.02766375205619042	0.21656735395864313	0.6756387467165443	0.9911532024199802	0.5099260486209378	4
CB4854	TRUE	FALSE	FALSE	TRUE	TRUE	TRUE	0.5749886842241493	0.1746841874915803	0.009609860088810089	0.7447542517343587	0.9724805614685109	0.6346908657618908	4
CB4855	TRUE	FALSE	FALSE	TRUE	TRUE	TRUE	0.46325392601009063	0.500675424000418	0.0744525063994649	0.34449905510645734	0.6710206826793483	0.4810259864924782	4
CB4856	FALSE	FALSE	FALSE	FALSE	FALSE	FALSE	0	0	0	7.978476912196461e-5	5.658303101234422e-4	0	0
CB4857	TRUE	FALSE	FALSE	TRUE	TRUE	TRUE	0.3201334531500333	0.13924197609086122	0.18586826382171603	0.6259693462560968	0.9911431404328436	0.12767641141321476	4
CB4858	TRUE	FALSE	FALSE	TRUE	TRUE	TRUE	0.5331519712015164	0.0016581467890707188	0.21656735395864313	0.6259693462560968	0.9966745854665909	0.5144942513114252	4
CB4932	TRUE	FALSE	FALSE	FALSE	TRUE	TRUE	0.5678464718008212	0.1593928071500208	0.06624488788836218	0.022879142295390613	0.7622884425078997	0.18195917762869757	3
CX11254	FALSE	FALSE	FALSE	TRUE	TRUE	TRUE	0.06919872360703132	0.06239781721540853	5.957306816949466e-4	0.629536906158725	0.4645860659772681	0.21685874489675208	3
CX11262	TRUE	FALSE	FALSE	TRUE	TRUE	TRUE	0.28560812505890176	0.046290425986842756	4.912867564374941e-5	0.6087924076538583	0.35991280253061386	0.339900524479787	4
CX11264	TRUE	FALSE	FALSE	TRUE	TRUE	FALSE	0.41578666875505227	0.0013065146419494118	0.013141374860529149	0.5096365041455123	0.331182170351368	8.110337615802301e-5	3
CX11271	TRUE	FALSE	FALSE	TRUE	TRUE	TRUE	0.41831310652226716	0.08934953066674337	0.17292828013971467	0.47198474185070516	0.8564260832704058	0.5144942513114252	4
CX11276	TRUE	FALSE	FALSE	TRUE	TRUE	TRUE	0.6713393631043321	0.003021661463874316	0.21656735395864313	0.6259693462560968	0.7644903326690335	0.28624282429836834	4
CX11285	TRUE	FALSE	FALSE	TRUE	TRUE	TRUE	0.233410475289133	0.14914263110304432	0.13689279686275194	0.5573199975078723	0.3315473867839891	0.3497573784318524	4
CX11292	TRUE	FALSE	FALSE	TRUE	TRUE	TRUE	0.5331519712015164	0.1415432864450887	0.2160561973822786	0.6259693462560968	0.9918844055808884	0.5142848048055642	4
CX11307	TRUE	FALSE	FALSE	TRUE	TRUE	TRUE	0.4132782167664623	0.06269060210638872	2.6653216327023754e-4	0.7326860029716388	0.25329516839265054	0.12244476391636859	4
CX11314	TRUE	FALSE	FALSE	TRUE	TRUE	TRUE	0.5331519712015164	0.0012712194827167852	4.912867564374941e-5	0.6259693462560968	0.4390203861155169	0.5144942513114252	4
CX11315	FALSE	FALSE	FALSE	TRUE	TRUE	TRUE	0.17654017332715666	0.0013065146419494118	0.0073484125615109214	0.5096365041455123	0.7180514215686157	0.5710472347868805	3
DL200	TRUE	FALSE	FALSE	TRUE	TRUE	FALSE	0.7143445544239042	0.19518387986293076	0.2861277360123382	0.7581709891918577	0.6861616624328489	0.00511447936260535	3
DL226	TRUE	FALSE	FALSE	TRUE	TRUE	TRUE	0.3369075477884129	0.06536769045498825	0.04907816408686532	0.8024611079341769	0.8041180969171564	0.6173999307376039	4
DL238	FALSE	FALSE	FALSE	FALSE	FALSE	FALSE	0	0	0	0	2.329181519932965e-4	0	0
ECA1069	TRUE	FALSE	FALSE	TRUE	TRUE	TRUE	0.4952790981359831	0.5872335363915522	0.4062533889688291	0.19983700292641593	0.8228590534655	0.8358476696860978	4
ECA1074	TRUE	FALSE	FALSE	TRUE	TRUE	TRUE	0.31541905536832354	0.1426979989162077	0.3393078897741755	0.9337062507067859	0.6938903277102552	0.8314569688174732	4
ECA1185	FALSE	FALSE	FALSE	FALSE	FALSE	FALSE	0	0	0	0	0	0	0
ECA1186	FALSE	FALSE	FALSE	FALSE	FALSE	FALSE	0	0	0	0	0	0	0
ECA1191	FALSE	FALSE	FALSE	FALSE	FALSE	FALSE	0	0	0	0	0	0	0
ECA1193	FALSE	FALSE	FALSE	FALSE	FALSE	FALSE	0	0	0	0	0	0	0
ECA1194	FALSE	FALSE	FALSE	FALSE	FALSE	FALSE	0	0	0	0	0	0	0
ECA1195	FALSE	FALSE	FALSE	FALSE	FALSE	FALSE	0	0	0	0	0	0	0
ECA1208	FALSE	FALSE	FALSE	FALSE	FALSE	FALSE	0	0	0	0	4.044052246266413e-5	0	0
ECA1216	FALSE	FALSE	FALSE	FALSE	FALSE	FALSE	0	0	0	0	0	0	0
ECA1223	FALSE	FALSE	FALSE	FALSE	FALSE	FALSE	0	0	0	0	0	0	0
ECA1225	FALSE	FALSE	FALSE	FALSE	FALSE	FALSE	0	0	0	0	0	0	0
ECA1228	FALSE	FALSE	FALSE	FALSE	FALSE	FALSE	0	0	0	0	0	0	0
ECA1229	FALSE	FALSE	FALSE	FALSE	FALSE	FALSE	0	0	0	0	0	0	0
ECA1232	FALSE	FALSE	FALSE	FALSE	FALSE	FALSE	0	0	0	0	0	0	0
ECA1237	FALSE	FALSE	FALSE	FALSE	FALSE	FALSE	0	0	0	0	0	0	0
ECA1238	FALSE	FALSE	FALSE	FALSE	FALSE	FALSE	0	0	0	0	0.03372142594245073	0	0
ECA1240	FALSE	FALSE	FALSE	FALSE	FALSE	FALSE	0	0	0	0	0	0	0
ECA1242	FALSE	FALSE	FALSE	FALSE	FALSE	FALSE	0	0	0	0	0	0	0
ECA1247	FALSE	FALSE	FALSE	FALSE	FALSE	FALSE	0	0	0	0	0	0	0
ECA1251	FALSE	FALSE	FALSE	FALSE	FALSE	FALSE	0	0	0	0	0	0	0
ECA1253	FALSE	FALSE	FALSE	FALSE	FALSE	FALSE	0	0	0	0	0.03372142594245073	0	0
ECA1255	FALSE	FALSE	FALSE	FALSE	TRUE	FALSE	0.05262492815643778	0.0012256326508854863	0.0013214521999820954	3.155281278853557e-4	0.10192557066271184	0.0034145819468061186	1
ECA1257	TRUE	FALSE	FALSE	FALSE	TRUE	FALSE	0.2563889335030589	0	4.912867564374941e-5	0	0.13433759025999645	0.05478897093417544	2
ECA1260	FALSE	FALSE	FALSE	FALSE	FALSE	FALSE	0	0	0	0	0	0	0
ECA1261	FALSE	FALSE	FALSE	FALSE	FALSE	FALSE	0	0	0	0	0	0	0
ECA1269	FALSE	FALSE	FALSE	FALSE	FALSE	FALSE	0	0	0	0	0	0	0
ECA1271	FALSE	FALSE	FALSE	FALSE	FALSE	FALSE	0	0	0	0	0	0	0
ECA1276	FALSE	FALSE	FALSE	FALSE	FALSE	FALSE	0	0	0	0	0	0	0
ECA1278	FALSE	FALSE	FALSE	FALSE	FALSE	FALSE	0	0	0	0	0	0	0
ECA1281	FALSE	FALSE	FALSE	FALSE	FALSE	FALSE	0	0	0	0	0	0	0
ECA1283	FALSE	FALSE	FALSE	FALSE	FALSE	FALSE	0	0	0	0	0	0	0
ECA1284	FALSE	FALSE	FALSE	FALSE	FALSE	FALSE	0	0	0	0	0	0	0
ECA1286	FALSE	FALSE	FALSE	FALSE	FALSE	FALSE	0	0	0	0	0	0	0
ECA1287	FALSE	FALSE	FALSE	FALSE	FALSE	FALSE	0	0	0	0	0	0	0
ECA1288	FALSE	FALSE	FALSE	FALSE	FALSE	FALSE	0	0	0	0	0	0	0
ECA1289	FALSE	FALSE	FALSE	FALSE	FALSE	FALSE	0	0	0	0	0	0	0
ECA1293	FALSE	FALSE	FALSE	FALSE	FALSE	FALSE	0	0	0	0	0	0	0
ECA1298	TRUE	FALSE	FALSE	FALSE	FALSE	FALSE	0.26419980540847626	5.265905812987378e-4	0	0.0017808854607676452	0.0028823500950472636	0.05478897093417544	1
ECA1413	TRUE	FALSE	FALSE	TRUE	TRUE	FALSE	0.3296386384964686	0.001589271749371911	4.912867564374941e-5	0.1170698768420065	0.3401601589119959	0.11876361882022751	3
ECA1465	FALSE	FALSE	FALSE	FALSE	FALSE	FALSE	0	0	0	0	0	0	0
ECA1467	FALSE	FALSE	FALSE	FALSE	FALSE	FALSE	0	0	0	0	0	0	0
ECA1493	FALSE	FALSE	FALSE	FALSE	FALSE	FALSE	0	0	0	0	0	0	0
ECA1515	FALSE	FALSE	FALSE	FALSE	FALSE	FALSE	0	0	0	0	0	0	0
ECA189	TRUE	FALSE	FALSE	FALSE	TRUE	FALSE	0.28871681092898205	0	0	0.005255936299198387	0.13598722657211929	0.08674612803339043	2
ECA191	FALSE	FALSE	FALSE	FALSE	FALSE	FALSE	0	0	0	0	0	0	0
ECA2677	FALSE	FALSE	FALSE	FALSE	FALSE	FALSE	0	0	0	0	0	0	0
ECA2678	FALSE	FALSE	FALSE	FALSE	FALSE	FALSE	0	0	0	0	0	0	0
ECA2679	FALSE	FALSE	FALSE	FALSE	FALSE	FALSE	0	0	0	0	0	0	0
ECA2686	FALSE	FALSE	FALSE	FALSE	FALSE	FALSE	0	0	0	0	0	0	0
ECA347	FALSE	FALSE	FALSE	FALSE	FALSE	FALSE	0	0	0	0	0	0	0
ECA348	TRUE	FALSE	FALSE	TRUE	TRUE	TRUE	0.3848056673122079	0.002478445872993107	4.912867564374941e-5	0.41046661537591206	0.22517557325042384	0.06652542525937277	4
ECA349	TRUE	FALSE	FALSE	TRUE	TRUE	TRUE	0.5019700068890178	0.0016581467890707188	0.21656735395864313	0.4947567020209104	0.8221738273271535	0.17591305356863884	4
ECA36	FALSE	FALSE	FALSE	FALSE	FALSE	FALSE	0	0	1.6012309098703511e-6	3.456193662395449e-5	0	1.3771206529267652e-5	0
ECA363	FALSE	FALSE	FALSE	FALSE	FALSE	FALSE	0	0	0	0	0	0	0
ECA369	FALSE	FALSE	FALSE	FALSE	FALSE	FALSE	0	0	0	0.014376791252608838	0	0	0
ECA372	TRUE	FALSE	FALSE	FALSE	TRUE	FALSE	0.24648168968094158	3.64826599170887e-5	8.203397084158513e-4	0	0.10176082367715561	0.12213406517889475	2
ECA396	FALSE	FALSE	FALSE	FALSE	FALSE	FALSE	0	0	0	0	0	0	0
ECA592	TRUE	FALSE	FALSE	FALSE	TRUE	TRUE	0.27908745070502927	0.05361697534867329	0.012954176410520669	3.174195771533333e-4	0.49782133906754267	0.18494577982504698	3
ECA593	FALSE	FALSE	FALSE	TRUE	FALSE	FALSE	0.03887151517243118	8.08819910639254e-5	0	0.16289803042241394	0.008468293547160992	4.7821079066592137e-4	1
ECA594	TRUE	FALSE	FALSE	TRUE	TRUE	TRUE	0.18201236306583857	1.029826982469719e-4	0.23784203565941237	0.10540513725645513	0.17825984913277948	0.34469442821498975	4
ECA640	TRUE	FALSE	FALSE	TRUE	TRUE	TRUE	0.4872080629382789	0.05186000211375122	0.09163873610477291	0.44951793549573366	0.34544549448047046	0.4182159085880856	4
ECA701	FALSE	FALSE	FALSE	FALSE	FALSE	FALSE	0	0	0	0	0	0	0
ECA703	FALSE	FALSE	FALSE	FALSE	FALSE	FALSE	0	0	0	0	0.0013670822331545364	0	0
ECA705	TRUE	FALSE	FALSE	FALSE	TRUE	FALSE	0.18079822345637553	2.75104325233743e-5	0	0	0.14601594656458966	6.096580857752015e-4	2
ECA706	FALSE	FALSE	FALSE	FALSE	FALSE	FALSE	0	0	0.036021072198773894	2.6789799631901043e-4	0	0	0
ECA710	TRUE	FALSE	FALSE	FALSE	TRUE	FALSE	0.2563889335030589	0	4.912867564374941e-5	0	0.13433759025999645	0.013656521727351784	2
ECA712	FALSE	FALSE	FALSE	FALSE	FALSE	FALSE	0.0028207143075209755	0.06631835072516049	0.017381288743419487	0	0.030872728139309896	0.002984739697105699	0
ECA722	FALSE	FALSE	FALSE	FALSE	FALSE	FALSE	0	0	0	0	0	0	0
ECA723	FALSE	FALSE	FALSE	FALSE	FALSE	FALSE	0	0	0	0	0	0	0
ECA724	FALSE	FALSE	FALSE	FALSE	FALSE	FALSE	0	0	4.912867564374941e-5	0	4.1008615516306316e-4	0	0
ECA730	FALSE	FALSE	FALSE	FALSE	FALSE	FALSE	0	0	0	0	0.035746629535206	0	0
ECA732	FALSE	FALSE	FALSE	FALSE	FALSE	FALSE	0	0	0	0	0	0	0
ECA733	FALSE	FALSE	FALSE	FALSE	FALSE	FALSE	0	0	0	1.7074628391834236e-4	0	0	0
ECA738	TRUE	FALSE	FALSE	FALSE	FALSE	FALSE	0.11735448443201442	0	0.012954176410520669	2.758076932578259e-4	0.03919582095343827	0.0031503328116830403	1
ECA740	FALSE	FALSE	FALSE	FALSE	FALSE	FALSE	0	0	0	0	0	0	0
ECA741	FALSE	FALSE	FALSE	FALSE	FALSE	FALSE	0	0	0	0	0	0	0
ECA742	FALSE	FALSE	FALSE	FALSE	FALSE	FALSE	0	0	0	0	0	0	0
ECA743	FALSE	FALSE	FALSE	FALSE	TRUE	FALSE	0.017577481539688838	9.40764431135054e-5	6.260085025361314e-4	2.124728011028181e-4	0.22100615538452317	0.051904636878117145	1
ECA744	FALSE	FALSE	FALSE	FALSE	FALSE	FALSE	0	0	0	0	0	0	0
ECA745	FALSE	FALSE	FALSE	FALSE	FALSE	FALSE	0	0	0	0	0	0	0
ECA746	FALSE	FALSE	FALSE	FALSE	FALSE	FALSE	0	0	0	0	0	0	0
ECA760	TRUE	FALSE	FALSE	FALSE	TRUE	FALSE	0.22346095493201906	2.0853831464361192e-4	0	0	0.11728728826798779	0	2
ECA768	TRUE	FALSE	FALSE	FALSE	FALSE	FALSE	0.1176042279189724	2.0853831464361192e-4	0.017381288743419487	2.2456661308897796e-4	0.008468293547160992	0	1
ECA777	TRUE	FALSE	FALSE	FALSE	TRUE	FALSE	0.22346095493201906	2.0853831464361192e-4	0	0	0.11728728826798779	0	2
ECA778	TRUE	FALSE	FALSE	FALSE	TRUE	FALSE	0.2563889335030589	2.0853831464361192e-4	0.017381288743419487	2.2456661308897796e-4	0.10182374720436835	0	2
ECA807	TRUE	FALSE	FALSE	FALSE	FALSE	FALSE	0.1176042279189724	8.786185619815322e-4	0	2.2456661308897796e-4	0.030872728139309896	0	1
ECA812	TRUE	FALSE	FALSE	FALSE	FALSE	FALSE	0.1176042279189724	8.786185619815322e-4	0.017381288743419487	2.2456661308897796e-4	0.030872728139309896	0	1
ECA923	FALSE	FALSE	FALSE	TRUE	TRUE	TRUE	0.03633412665439298	0.1027787120182854	0.0014571929112051957	0.6216986257589369	0.6233341333174781	0.28082430604406966	3
ECA928	FALSE	FALSE	FALSE	TRUE	TRUE	FALSE	0.03633412665439298	0.00696700054347948	0.190574281465825	0.4518335852495386	0.2493529396047276	0.051039985714066406	2
ECA930	FALSE	FALSE	FALSE	TRUE	TRUE	TRUE	0.21735501537750887	0.0038571341676537215	0.0499089845794185	0.48188068978747506	0.803522754654331	0.4067078079580416	3
ED3005	TRUE	FALSE	FALSE	TRUE	TRUE	TRUE	0.33362179159592925	0.002324268700793765	0.0499089845794185	0.48188068978747506	0.823533014029732	0.4067078079580416	4
ED3011	TRUE	FALSE	FALSE	TRUE	TRUE	TRUE	0.3401325107217806	0.0022621228316402433	0.22705112220812654	0.39219458496415904	0.9906337824237305	0.6616147033140296	4
ED3012	TRUE	FALSE	FALSE	TRUE	TRUE	TRUE	0.6297281691804724	0.07836336808444133	0.07024650949857454	0.7862351670972197	0.9374239242760846	0.654711378086895	4
ED3017	TRUE	FALSE	FALSE	TRUE	TRUE	TRUE	0.7862417421383564	0.21191800756385157	0.18134311248719925	0.8286573363957999	0.7879722664674168	0.4526380552166685	4
ED3040	FALSE	FALSE	FALSE	TRUE	TRUE	TRUE	0.2152516748011941	0.2292569029744649	0.020223400825216186	0.6505894243110496	0.6626273485291806	0.7701375111411318	3
ED3046	TRUE	FALSE	FALSE	FALSE	TRUE	TRUE	0.3127288209160668	0.15928547028259746	0.20354337843709674	0.050626989639844557	0.4206699213263336	0.2441946462967194	3
ED3048	TRUE	FALSE	FALSE	TRUE	TRUE	TRUE	0.9008434732861411	0.3045018942615085	0.22990589857075586	0.8483238234512083	0.9912186294081072	0.9996489471122457	4
ED3049	TRUE	FALSE	FALSE	FALSE	TRUE	TRUE	0.3127288209160668	0.15933547725586536	0.20354337843709674	0.050626989639844557	0.4206699213263336	0.2441946462967194	3
ED3052	TRUE	FALSE	FALSE	TRUE	TRUE	TRUE	0.8962768774564525	0.168433645694393	0.32423113622617533	0.27591407294998854	0.7577884715143459	0.45071567380030214	4
ED3073	TRUE	FALSE	FALSE	TRUE	TRUE	TRUE	0.41220630418132853	0.43181575583824816	0.3386545875629484	0.9970402257954819	0.9034074269500938	0.8687521051885391	4
ED3077	TRUE	FALSE	FALSE	TRUE	TRUE	TRUE	0.9787481101658806	0.2852371366297385	0.36411939942195565	0.9810494551508434	0.6675244550820136	0.9956937324304238	4
EG4347	TRUE	FALSE	FALSE	TRUE	TRUE	TRUE	0.23364475498856477	0.13358993463864288	0.10716063184571703	0.6809525728266718	0.8962920614532254	0.674577472292784	4
EG4349	TRUE	FALSE	FALSE	TRUE	TRUE	TRUE	0.45233835032580144	0.29757968888273734	0.19198955124048087	0.18380118139921278	0.4199428103611507	0.6755880192309255	4
EG4724	TRUE	FALSE	FALSE	TRUE	TRUE	TRUE	0.7639989752751957	0.17004996607046655	0.016405411287076684	0.32704607954438314	0.3840387997926942	0.4971091189769032	4
EG4725	TRUE	FALSE	FALSE	FALSE	TRUE	TRUE	0.3031814254028217	0.02627609153413609	0.018522092983478938	0.046852860550495416	0.26758275683523064	0.46833734353877565	3
EG4946	TRUE	FALSE	FALSE	TRUE	TRUE	TRUE	0.5095947160304392	0.002401324300763312	0.19619336464467593	0.6801555275684749	0.9838888328552284	0.668603929263859	4
GXW1	TRUE	FALSE	FALSE	TRUE	TRUE	TRUE	0.21585462977834352	0.8716307801760746	0.1310327284319655	0.43643042484415173	0.9745008062829166	0.7276252886309434	4
JT11398	TRUE	FALSE	FALSE	TRUE	TRUE	TRUE	0.3197674989679747	0.14562769504929646	0.004530973992370862	0.7388147571330421	0.8670382059428792	0.49809771099971734	4
JU1088	TRUE	FALSE	FALSE	TRUE	TRUE	TRUE	0.2472339730784087	0.10644584607642517	0.06791278823066169	0.9028599801948066	0.9847308623050761	0.8842876064559416	4
JU1172	TRUE	FALSE	FALSE	TRUE	TRUE	TRUE	0.5331519712015164	0.009947429344698859	0.18884691723019076	0.6259693462560968	0.9073471041336232	0.5057030855629895	4
JU1200	TRUE	FALSE	FALSE	TRUE	TRUE	TRUE	0.6297281691804724	0.1309096136492912	0.07024650949857454	0.8459762483264256	0.8913580288519056	0.7468120785672165	4
JU1212	TRUE	FALSE	FALSE	FALSE	TRUE	TRUE	0.1646069078663557	0.1313525514045956	0.05206729827947739	0.021520336604604395	0.43606952784967873	0.23088708920039408	3
JU1213	TRUE	FALSE	FALSE	FALSE	TRUE	TRUE	0.757797531899869	0.14587014310570748	0.36413934202510584	0.021769950591332955	0.45673583841507814	0.2051128087572231	3
JU1242	TRUE	FALSE	FALSE	TRUE	TRUE	FALSE	0.7123061883024744	0.2856451090871115	0.0037540130849678627	0.5474940905106621	0.6224309616491452	0.00305619194081903	3
JU1246	TRUE	FALSE	FALSE	FALSE	TRUE	TRUE	0.36775050340269694	0.23282019669497447	0.3603504657762367	0.02275854807539592	0.6480410297986471	0.09886050038694832	3
JU1249	TRUE	FALSE	FALSE	TRUE	TRUE	TRUE	0.7277697103559592	0.1309096136492912	0.07024650949857454	0.8800227936831785	0.9917813303920877	0.23088708920039408	4
JU1395	TRUE	FALSE	FALSE	TRUE	TRUE	TRUE	0.8194983759704688	0.39024043326358304	0.3235915172609053	0.7942788703508392	0.9821576896329517	0.5896503851874193	4
JU1400	TRUE	FALSE	FALSE	TRUE	TRUE	TRUE	0.18603248324535124	0.08362920792516845	0.15185266055433158	0.8249511275301644	0.5838958618031803	0.2750243705204071	4
JU1409	TRUE	FALSE	FALSE	TRUE	TRUE	TRUE	0.44789367285527887	0.27317120606395906	0.11276290210001434	0.5296864395525198	0.963849639248875	0.5651888845142106	4
JU1440	TRUE	FALSE	FALSE	TRUE	TRUE	TRUE	0.7670218470797334	0.1748518230048702	0.004878513883035905	0.5333973483830029	0.8083368137056782	0.7082667536886516	4
JU1491	TRUE	FALSE	FALSE	FALSE	TRUE	TRUE	0.740627020081686	0.28360597249510916	0.008130249944866708	0.019864172162234305	0.6987385204883001	0.4545541154234804	3
JU1530	TRUE	FALSE	FALSE	TRUE	TRUE	TRUE	0.6135658564880876	0.12895003960314783	0.2795203294459814	0.8618770891558686	0.853697936738987	0.2723151113932578	4
JU1543	TRUE	FALSE	FALSE	TRUE	TRUE	TRUE	0.8033468149243469	0.13887259740573324	0.07024650949857454	0.5694409202668732	0.7985414932999924	0.7579246520851413	4
JU1568	TRUE	FALSE	FALSE	TRUE	TRUE	TRUE	0.6427816632664032	0.1309096136492912	0.07024650949857454	0.5124333844464063	0.8783775840109729	0.30530736655700874	4
JU1581	FALSE	FALSE	FALSE	FALSE	TRUE	FALSE	3.53543331125485e-4	0.28345238907325204	0.010240745067299007	0.023088118781179896	0.8672057933937036	1.2585979737814287e-4	1
JU1586	TRUE	FALSE	FALSE	TRUE	TRUE	TRUE	0.6297281691804724	0.15898800136113966	0.15686647844925153	0.6580561782212915	0.7990268758565026	0.6564406239756254	4
JU1652	TRUE	FALSE	FALSE	TRUE	TRUE	TRUE	0.8081782198193989	0.14034945242364272	0.07260621437716121	0.1043667889249799	0.7515084435237271	0.9273588044967279	4
JU1666	TRUE	FALSE	FALSE	FALSE	TRUE	FALSE	0.7572128945422786	0.15236570587745546	0.007053203808309369	0.018087872033025393	0.6429637222034597	0.004284707729845952	2
JU1792	TRUE	FALSE	FALSE	TRUE	TRUE	TRUE	0.6427252503076165	0.17239072783632228	0.07024650949857454	0.5442586232461751	0.7443362205780154	0.18186610910588297	4
JU1793	TRUE	FALSE	FALSE	FALSE	FALSE	FALSE	0.6858374935125098	0.28345238907325204	0.3591267614449799	0.02275854807539592	0.01617486096765023	0.004970163890903147	1
JU1808	TRUE	FALSE	FALSE	TRUE	TRUE	TRUE	0.238984872035499	0.1895464182802272	0.07366622923949538	0.4205571533207057	0.8136890687101327	0.12665023076930024	4
JU1896	FALSE	FALSE	FALSE	FALSE	TRUE	TRUE	0.0010889028409566046	0.0013720250963755764	0.004258400821577023	0.0014250064151654339	0.8625870042936762	0.7754872298021551	2
JU1934	TRUE	FALSE	FALSE	FALSE	TRUE	TRUE	0.6827751990050082	0.15930823071238298	0.39894289646659287	0.021664659915415534	0.622602978300049	0.18612067821160339	3
JU2001	TRUE	FALSE	FALSE	FALSE	TRUE	FALSE	0.6773135618080287	0.14079377559641232	0.020223400825216186	0.011898878078269202	0.472856586112195	0.02743043734642847	2
JU2007	TRUE	FALSE	FALSE	TRUE	TRUE	TRUE	0.30879405022478906	0.19663032166886596	0.5426519877462166	0.6487645196673182	0.6987258106098118	0.6441824441047045	4
JU2016	TRUE	FALSE	FALSE	TRUE	TRUE	TRUE	0.5160970063965659	0.21542271791726103	0.21656735395864313	0.6259693462560968	0.9965649146211505	0.5144942513114252	4
JU2017	TRUE	FALSE	FALSE	TRUE	TRUE	TRUE	0.23434759408686004	0.14575911179171028	0.07690828513264379	0.2730774148978225	0.7805671253697118	0.5670265504346734	4
JU2106	TRUE	FALSE	FALSE	FALSE	FALSE	FALSE	0.6565066706664561	0.11499261836380087	0.41043449400739335	0.021520336604604395	0.033633901097406535	0.0069506778594217175	1
JU2131	TRUE	FALSE	FALSE	FALSE	TRUE	FALSE	0.7576512564161445	0.21283370253609243	0.021447105156473013	0.018364195576083576	0.5922146217041877	0.00511447936260535	2
JU2141	TRUE	FALSE	FALSE	FALSE	TRUE	TRUE	0.6826368877037006	0.2856451090871115	0.3266401881300753	0.022832028013624626	0.6224309616491452	0.18173054173668912	3
JU2234	TRUE	FALSE	FALSE	FALSE	TRUE	TRUE	0.4336037394491175	0.16890739249523318	0.13928539975821413	0.063942219319962093	0.8686942453377253	0.8065635940772072	3
JU2250	TRUE	FALSE	FALSE	FALSE	TRUE	FALSE	0.6942407678533741	0.2856451090871115	0.01605328605335156	0.023152141473068714	0.5930475520364812	0.0030227798331742494	2
JU2257	TRUE	FALSE	FALSE	TRUE	TRUE	TRUE	0.6297281691804724	0.14265261000115714	0.11143140581523396	0.09445410452802065	0.7668872520640915	0.23088708920039408	4
JU2316	TRUE	FALSE	FALSE	FALSE	FALSE	TRUE	0.2831892701225024	0.05994028454891401	0.005815088398863708	0.021835635465911815	0.007640562710612676	0.29406436165265315	2
JU2464	TRUE	FALSE	FALSE	TRUE	TRUE	TRUE	0.8016612620839876	0.5440923622199032	0.33027410889680286	0.6400854040929472	0.9564588449079484	0.5847086103001401	4
JU2466	TRUE	FALSE	FALSE	TRUE	TRUE	TRUE	0.8251955538624294	0.8967002390702767	0.395824353703174	0.9811233936222279	0.9906315196802118	0.9996489471122457	4
JU2478	TRUE	FALSE	FALSE	TRUE	TRUE	TRUE	0.5298549324172753	0.15174048676708612	0.23140785316421422	0.7536556412560392	0.9873222332123086	0.18424536723066906	4
JU2513	TRUE	FALSE	FALSE	TRUE	TRUE	TRUE	0.9071854181129401	0.359032519442355	0.1034283081612556	0.9073658708842852	0.9456917965196597	0.6937002599823187	4
JU2519	TRUE	FALSE	FALSE	TRUE	FALSE	FALSE	0.6037849113254656	0.1603796202188089	0.020223400825216186	0.319577032968362	0.10719448930480575	0.012467626376782016	2
JU2522	TRUE	FALSE	FALSE	TRUE	TRUE	TRUE	0.5864139675831228	0.27879619888947577	0.016495371350922126	0.3228926862184822	0.3382007193117216	0.4435960729034128	4
JU2526	TRUE	FALSE	FALSE	TRUE	FALSE	FALSE	0.25777005547053056	0.014377202731304353	0.025110867044702726	0.08338230562965801	0.007640562710612676	0.007955355102977018	2
JU2534	TRUE	FALSE	FALSE	TRUE	TRUE	FALSE	0.6522342186406999	0.24463266183688148	0.4105348620721529	0.9747063367390693	0.9228204183235045	0.08368389707987209	3
JU2565	TRUE	FALSE	FALSE	FALSE	TRUE	TRUE	0.7477767984783102	0.13119778048205402	0.07024650949857454	0.04062105106230955	0.8316360911442718	0.23088708920039408	3
JU2566	TRUE	FALSE	FALSE	TRUE	TRUE	TRUE	0.6427252503076165	0.45713782251693935	0.07024650949857454	0.433053156201211	0.7105605850780731	0.18276434169569156	4
JU2570	TRUE	FALSE	FALSE	FALSE	TRUE	FALSE	0.7636156326281934	0.28360597249510916	0.01605328605335156	0.023059345825648843	0.6224309616491452	0.0030227798331742494	2
JU2572	TRUE	FALSE	FALSE	TRUE	TRUE	TRUE	0.6406538328291563	0.1643403308350518	0.08497601428880237	0.8238059982900152	0.810380745111812	0.18186610910588297	4
JU2575	TRUE	FALSE	FALSE	TRUE	TRUE	TRUE	0.6297281691804724	0.13111155473791003	0.06900635615887996	0.8277204385250616	0.7439324412186173	0.08932721334894973	4
JU2576	FALSE	FALSE	FALSE	FALSE	TRUE	TRUE	2.3992099531042392e-4	0.004841902096374125	0.018529225739350178	0.005063237740442607	0.755523513395562	0.20006611307921468	2
JU2578	TRUE	FALSE	FALSE	TRUE	TRUE	TRUE	0.26406454704376187	0.06123729918538773	0.1035005819018693	0.7963716729908897	0.8520896556754302	0.7460030201836221	4
JU258	FALSE	FALSE	FALSE	FALSE	TRUE	FALSE	0.10234219968063628	0.03237905338514883	0.04012240682473727	0.04698359981656381	0.3219167170769013	0.007495543547264135	1
JU2581	FALSE	FALSE	FALSE	TRUE	TRUE	TRUE	0.08556664494214686	4.5665998543596383e-4	0.14213973942150437	0.11080608466619847	0.47512375883101854	0.6154380417615224	3
JU2586	FALSE	FALSE	FALSE	TRUE	TRUE	TRUE	0.11982384555857457	0.20624188623664277	0.0181276806970886	0.5151181533906893	0.3892357920769795	0.6075055446038091	3
JU2587	TRUE	FALSE	FALSE	TRUE	TRUE	TRUE	0.5936997343945164	0.11285762407765833	0.052669069968695935	0.2906067935469941	0.6653667124912349	0.6110875257250653	4
JU2592	TRUE	FALSE	FALSE	TRUE	TRUE	TRUE	0.6427252503076165	0.03958474156620521	0.08150083373182149	0.4282305337343129	0.5710091041726194	0.18828332203040862	4
JU2593	TRUE	FALSE	FALSE	FALSE	TRUE	TRUE	0.3389335694270965	0.08731230727028821	0.177389527804283	0.14444212821515567	0.8023572010247821	0.43583915862894773	3
JU2600	TRUE	FALSE	FALSE	FALSE	TRUE	FALSE	0.6658268878762579	0.1584609489740192	0.17890145369931648	0.06754095947718966	0.6941889135677712	0.005119333148513206	2
JU2610	TRUE	FALSE	FALSE	FALSE	TRUE	FALSE	0.6266935502068697	0.1584609489740192	0.17890145369931648	0.06754095947718966	0.6941889135677712	0.005119333148513206	2
JU2619	FALSE	FALSE	FALSE	TRUE	TRUE	TRUE	0.07156295752568781	0.5865504596089455	0.129713168595786	0.9811233936222279	0.8157346851380358	0.5687574895045345	3
JU2800	TRUE	FALSE	FALSE	FALSE	TRUE	TRUE	0.5142267508923203	0.14404851705574248	0.3120579238003323	0.0014250064151654339	0.9202992406088321	0.13347837875423407	3
JU2811	TRUE	FALSE	FALSE	FALSE	TRUE	TRUE	0.35009769397098117	0.18009437463772981	0.09271883913670363	0.01582294750958893	0.5324926839965539	0.7805433508551242	3
JU2825	TRUE	FALSE	FALSE	FALSE	TRUE	TRUE	0.6297281691804724	0.13077225940345508	0.05586578191380574	0.010016370206831124	0.6128992749351326	0.23088708920039408	3
JU2829	TRUE	FALSE	FALSE	TRUE	TRUE	TRUE	0.2934955858518954	4.5665998543596383e-4	0.14234491532763732	0.6827119072291133	0.47512375883101854	0.564884281228807	4
JU2838	TRUE	FALSE	FALSE	TRUE	TRUE	TRUE	0.5189718107763353	0.01737089195683356	0.07527401063945156	0.7393443629280758	0.36036588081263304	0.13018536721260845	4
JU2841	TRUE	FALSE	FALSE	TRUE	TRUE	TRUE	0.11885493639936658	0.1517381117657172	0.5543903931968066	0.44893565570441896	0.767329786924183	0.5800095811476246	4
JU2853	TRUE	FALSE	FALSE	TRUE	TRUE	TRUE	0.36270691941442024	0.15701998286568458	0.16120268453640363	0.8692469206202876	0.8316360911442718	0.6756856029034218	4
JU2862	TRUE	FALSE	FALSE	TRUE	TRUE	FALSE	0.541647032744736	0.19631886662823564	0.21656735395864313	0.5408071295486274	0.9546704109455163	0.16128374284235897	3
JU2866	TRUE	FALSE	FALSE	TRUE	TRUE	FALSE	0.32278200838097465	0.0015500182545244107	0.21656735395864313	0.6844155871697608	0.859866994010229	0.12931512855082658	3
JU2878	TRUE	FALSE	FALSE	TRUE	TRUE	TRUE	0.6900016990255823	0.33802451080579443	0.0973882468195551	0.821542162782824	0.7648183823357724	0.841678308227596	4
JU2879	FALSE	FALSE	FALSE	TRUE	TRUE	TRUE	0.019178414941868106	0.5753227066096156	0.20568742662541314	0.540366937718989	0.4004888970304861	0.1663521676782107	3
JU2906	TRUE	FALSE	FALSE	TRUE	TRUE	TRUE	0.44477304071157314	0.13060917597612226	0.013503689745498903	0.840891230261079	0.9104654054198484	0.4555523021393682	4
JU2907	TRUE	FALSE	FALSE	TRUE	TRUE	TRUE	0.19772231019694095	0.1579255840821075	0.06902280516731771	0.9374384813290171	0.9103443727133352	0.7623987703441357	4
JU310	TRUE	FALSE	FALSE	TRUE	TRUE	TRUE	0.650906390327235	0.1458492298992089	0.32577341272527316	0.8618770891558686	0.8450932045719937	0.2723151113932578	4
JU311	TRUE	FALSE	FALSE	FALSE	TRUE	TRUE	0.6427252503076165	0.3188963817249978	0.07024650949857454	0.02561618401944318	0.8451442848033424	0.12665023076930024	3
JU3125	TRUE	FALSE	FALSE	TRUE	TRUE	TRUE	0.7229179304275571	0.21890097339431105	0.0696634430977122	0.5904597935488856	0.39900670373875036	0.6368361826937925	4
JU3127	TRUE	FALSE	FALSE	TRUE	TRUE	TRUE	0.756994078630373	0.21890097339431105	0.016389471761201157	0.4878003528298001	0.39900670373875036	0.5345354768855942	4
JU3128	TRUE	FALSE	FALSE	TRUE	TRUE	TRUE	0.48151951291060335	0.5547503787797322	0.19008794396856346	0.757956166408331	0.8894151987519284	0.28484431312382436	4
JU3132	TRUE	FALSE	FALSE	FALSE	TRUE	TRUE	0.5934487962801959	0.11893624216463958	0.36320145741126086	0.019996802877570673	0.705482651617657	0.12335501809220477	3
JU3134	FALSE	FALSE	FALSE	TRUE	TRUE	TRUE	0.14702099756694229	0.001998167818388395	0.02356866332882805	0.3046242667553317	0.8505904195920851	0.8942363437040302	3
JU3135	FALSE	FALSE	FALSE	TRUE	TRUE	TRUE	0.05729273547100838	0.6952929979813808	0.12957560830398349	0.5687301938752695	0.9829329440772568	0.863599077735526	3
JU3137	TRUE	FALSE	FALSE	FALSE	TRUE	TRUE	0.6934262310966812	0.2831265520798877	0.008393725212763558	0.003561942871468743	0.7742930190270251	0.7037257547749965	3
JU3140	TRUE	FALSE	FALSE	FALSE	TRUE	FALSE	0.754382025902176	0.2641304994641073	0.01605328605335156	0.023152141473068714	0.5687357209449891	0.0030227798331742494	2
JU3141	TRUE	FALSE	FALSE	FALSE	TRUE	TRUE	0.6396234667289643	0.15822945231280933	0.06639853327248656	0.022879142295390613	0.7419351127002739	0.18186610910588297	3
JU3144	TRUE	FALSE	FALSE	TRUE	TRUE	TRUE	0.42211699914915984	0.28634817546457336	0.1444372874274988	0.7477869327106605	0.6242017750982187	0.4181000385593783	4
JU3166	TRUE	FALSE	FALSE	TRUE	TRUE	FALSE	0.26321589703904974	0.18689941328230072	0.567512043803855	0.28211676558277643	0.3998658241236864	0.039659099426305085	3
JU3167	FALSE	FALSE	FALSE	FALSE	FALSE	FALSE	0.13970297581676008	0.22330350023743417	0.00483448003301447	0.019618054490819277	0.09061228636030243	0.08071264639244055	0
JU3169	FALSE	FALSE	FALSE	FALSE	TRUE	FALSE	0.15290506827295378	0.22303294799815754	0.0181276806970886	0.0208584439941012	0.40521745326291225	0.08235807981520396	1
JU3224	TRUE	FALSE	FALSE	TRUE	TRUE	TRUE	0.26649667561752277	0.39418214386887457	0.023297254689605026	0.5622886627849161	0.48047428067022463	0.7386168561373978	4
JU3225	TRUE	FALSE	FALSE	TRUE	TRUE	TRUE	0.24054432532092337	0.45392497344286664	0.15018665257583466	0.6959186365012223	0.9180660090427897	0.722808922026074	4
JU3226	FALSE	FALSE	FALSE	FALSE	FALSE	FALSE	0	0	1.6012309098703511e-6	3.456193662395449e-5	0	1.3771206529267652e-5	0
JU3228	TRUE	FALSE	FALSE	TRUE	TRUE	TRUE	0.19612336784036594	0.2744164324761382	0.0703569944313556	0.2524357424531604	0.6915408777856118	0.7932016858665881	4
JU323	TRUE	FALSE	FALSE	TRUE	TRUE	FALSE	0.9918019360927456	0.121569920765996	0.4310397884046136	0.5761298299948203	0.9737913158310925	0.00511447936260535	3
JU3280	TRUE	FALSE	FALSE	FALSE	TRUE	TRUE	0.7786750387922052	0.016268231599050158	0.005208003534353318	0.17562278403105552	0.5009815251806042	0.7696704189065572	3
JU3282	TRUE	FALSE	FALSE	TRUE	TRUE	TRUE	0.9915545818605127	0.144126100433794	0.056918300104152796	0.9811233936222279	0.9928380316153413	0.6309725271202465	4
JU3291	TRUE	FALSE	FALSE	FALSE	TRUE	FALSE	0.6658268878762579	0.1584609489740192	0.19219465436339062	0.06754095947718966	0.6941889135677712	9.244768973336235e-5	2
JU3318	TRUE	FALSE	FALSE	TRUE	TRUE	TRUE	0.4991311076983115	0.27887259476684284	0.23407521272716553	0.8615888437507576	0.8210780817423318	0.7059470391002932	4
JU346	TRUE	FALSE	FALSE	TRUE	TRUE	TRUE	0.15673730011561338	0.168221808766737	0.143570220889804	0.34732184253065823	0.8201973449352699	0.20129564477692	4
JU360	TRUE	FALSE	FALSE	TRUE	TRUE	TRUE	0.3389335694270965	0.2107756978776592	0.142818079061504	0.4506937864573264	0.722732797191502	0.4989304739191409	4
JU367	TRUE	FALSE	FALSE	TRUE	TRUE	TRUE	0.7682816480017203	0.13084746778013767	0.10118411025784912	0.7062523116519178	0.9846035709462769	0.22969463816944996	4
JU393	TRUE	FALSE	FALSE	FALSE	TRUE	TRUE	0.7376745649233514	0.14557168460034597	0.022547296358000294	0.0185918572879747	0.6521883498076307	0.2754217601317701	3
JU394	TRUE	FALSE	FALSE	FALSE	TRUE	TRUE	0.6297281691804724	0.1309096136492912	0.06637524264107027	0.009778448815577333	0.6521791544031184	0.23088708920039408	3
JU397	TRUE	FALSE	FALSE	FALSE	TRUE	FALSE	0.6927136358749252	0.2856451090871115	0.07089013154111924	0.023152141473068714	0.7303613240323341	0.002102140813070094	2
JU406	TRUE	FALSE	FALSE	FALSE	TRUE	TRUE	0.6375068525152879	0.1309096136492912	0.07004278925690513	0.01816977751799327	0.6834075665661832	0.23088708920039408	3
JU440	TRUE	FALSE	FALSE	TRUE	TRUE	TRUE	0.4922301436340299	0.13129040553544208	0.06639853327248656	0.5737082017653641	0.8409022665709254	0.5621340471182961	4
JU561	TRUE	FALSE	FALSE	TRUE	TRUE	TRUE	0.7825857178316717	0.006344156434479056	0.009896043722337827	0.3593290490670025	0.9908086876833815	0.6460184732834078	4
JU642	FALSE	FALSE	FALSE	TRUE	TRUE	TRUE	0.10951069390594036	0.2822407425415391	0.1805012289447233	0.5646327989110296	0.905941170112817	0.4372013792879248	3
JU751	FALSE	FALSE	FALSE	TRUE	TRUE	TRUE	0.21979431171544508	0.08614690729300907	0.20154955482141546	0.21062674661727196	0.639686932583964	0.5268523853084254	3
JU774	TRUE	FALSE	FALSE	TRUE	TRUE	TRUE	0.7455934178687051	0.22093219331508365	0.01239563795586862	0.8181558954266992	0.608839335340756	0.6437067166463636	4
JU775	TRUE	FALSE	FALSE	FALSE	TRUE	FALSE	0.4873362199070049	0.27842431325845834	0.022724159590317792	0.012939461758879308	0.1340220097543503	0.012481679780166392	2
JU778	TRUE	FALSE	FALSE	FALSE	TRUE	TRUE	0.6885239449781184	0.2310349873326663	0.009241868112432612	0.050564629130645786	0.7577077830433371	0.49921775031764076	3
JU782	TRUE	FALSE	FALSE	FALSE	TRUE	TRUE	0.6265878920534715	0.1439483051924259	0.05535637213479744	0.013528562230887607	0.4800803225805675	0.24905379394482308	3
JU792	TRUE	FALSE	FALSE	FALSE	TRUE	FALSE	0.6826368877037006	0.2856451090871115	0.01605328605335156	0.023152141473068714	0.6224309616491452	0.0030227798331742494	2
JU830	FALSE	FALSE	FALSE	TRUE	TRUE	TRUE	0.1255840732280026	0.153518966958849	0.11694051354386609	0.5309540544619317	0.8464440143092049	0.3931708812578846	3
JU847	TRUE	FALSE	FALSE	TRUE	TRUE	TRUE	0.8172963459003707	0.2823135759168528	0.07216922390521295	0.12533367601044515	0.8645735005292172	0.10772317481846841	4
KR314	TRUE	FALSE	FALSE	TRUE	TRUE	TRUE	0.5137594524890061	0.5319206121486861	0.14508957067360145	0.7049429702253215	0.9910221077263304	0.8615055721462223	4
LKC34	TRUE	FALSE	FALSE	TRUE	TRUE	TRUE	0.9061263145878602	0.26006271586948204	0.03820573342562246	0.2720976441770101	0.824486688207664	0.46851004801410173	4
MY1	TRUE	FALSE	FALSE	TRUE	TRUE	TRUE	0.1765810561302303	0.2897101878190666	0.29210360255119755	0.73734659128458	0.8935930417266755	0.3531031607853832	4
MY10	TRUE	FALSE	FALSE	TRUE	TRUE	TRUE	0.7347422193256196	0.2586747254861265	0.17130674271057825	0.3776896336944836	0.6271980326648692	0.8117850260478985	4
MY16	FALSE	FALSE	FALSE	FALSE	TRUE	FALSE	0.22806611067824306	7.024066548593914e-4	0.001223704331256828	0.0010218984545082666	0.24439160965074555	0.06948188883159666	1
MY18	FALSE	FALSE	FALSE	TRUE	TRUE	FALSE	0.06738912862552812	0.0866783138493059	0.051132688910675336	0.3977692591233339	0.8060432102168166	0.088321407317974	2
MY2147	FALSE	FALSE	FALSE	FALSE	TRUE	TRUE	0.12356707766272484	0.14414556225056713	0.004258400821577023	0.017217576103177756	0.8221557253790035	0.14158888568814945	2
MY2212	TRUE	FALSE	FALSE	TRUE	TRUE	TRUE	0.3903764801764863	0.5804827269449051	0.0026548408485650423	0.4084670095997928	0.9104654054198484	0.4647715040776317	4
MY23	TRUE	FALSE	FALSE	FALSE	FALSE	FALSE	0.2938533767469766	5.7395866415673e-5	0	0.0010218984545082666	0.008081123688060105	4.7821079066592137e-4	1
MY2453	TRUE	FALSE	FALSE	FALSE	TRUE	TRUE	0.38689931813324874	0.3394262234192816	0.08180674161882989	0.02561618401944318	0.8451442848033424	0.12665023076930024	3
MY2530	TRUE	FALSE	FALSE	TRUE	TRUE	TRUE	0.6877123284216451	0.2079625747284285	0.3170540553720205	0.7568366003916217	0.6380180870236715	0.7965393973900629	4
MY2535	TRUE	FALSE	FALSE	TRUE	TRUE	TRUE	0.40059213696269974	0.184668033523936	0.16478995125707543	0.9219820737609045	0.9104654054198484	0.6849318957397756	4
MY2573	TRUE	FALSE	FALSE	TRUE	TRUE	TRUE	0.6236640415836511	0.1308233879051472	0.13527984785395028	0.10859314633930915	0.7291532597107203	0.12603650904881147	4
MY2585	TRUE	FALSE	FALSE	TRUE	TRUE	TRUE	0.34634430753424933	0.67438605884752	0.004684401026825712	0.9642000811718319	0.8965710529147386	0.8213662301118945	4
MY2693	FALSE	FALSE	FALSE	TRUE	TRUE	TRUE	0.18769799289329456	0.5804692686038145	0.12957560830398349	0.6842794028224665	0.9843149989324184	0.634822030860145	3
MY2713	FALSE	FALSE	FALSE	TRUE	TRUE	TRUE	0.0655201341168319	0.5804692686038145	0.12957560830398349	0.9810494551508434	0.9788356932865604	0.634822030860145	3
MY2741	FALSE	FALSE	FALSE	TRUE	TRUE	TRUE	0.18769799289329456	0.04714100633821893	0.12957560830398349	0.44498378770052444	0.8066569914321458	0.2691327210188345	3
MY518	TRUE	FALSE	FALSE	TRUE	TRUE	TRUE	0.3401325107217806	0.0022621228316402433	0	0.48188068978747506	0.9967615325898856	0.4067078079580416	4
MY679	TRUE	FALSE	FALSE	TRUE	TRUE	TRUE	0.4798990008933158	0.5872335363915522	0.3618353890954719	0.9075762802861866	0.8228590534655	0.8358476696860978	4
MY772	TRUE	FALSE	FALSE	TRUE	TRUE	FALSE	0.22889923052724215	0.168221808766737	0.19672759350278723	0.25380899193835665	0.857785943981692	0.009924750515404337	3
MY795	FALSE	FALSE	FALSE	TRUE	TRUE	FALSE	0.22806611067824306	0.0025890813534288357	0.051132688910675336	0.44313979661417974	0.8066569914321458	0.06948188883159666	2
MY920	TRUE	FALSE	FALSE	TRUE	TRUE	TRUE	0.6877123284216451	0.33142847228168887	0.32463741217794334	0.7571382578915419	0.8100728675628255	0.6908890149117334	4
N2	TRUE	FALSE	FALSE	TRUE	TRUE	TRUE	0.6810940264649782	0.1309096136492912	0.07024650949857454	0.9810494551508434	0.8795497814406407	0.35116537142072796	4
NIC1	TRUE	FALSE	FALSE	TRUE	TRUE	TRUE	0.6086300544351868	0.28092525567219595	0.04496605754387191	0.8529389596650736	0.7149897851573173	0.6853127486154293	4
NIC1049	TRUE	FALSE	FALSE	TRUE	TRUE	TRUE	0.4067330525516577	0.1302281202009304	0.13527984785395028	0.5152794424282678	0.7291532597107203	0.12603650904881147	4
NIC1107	TRUE	FALSE	FALSE	FALSE	TRUE	TRUE	0.6297281691804724	0.1309096136492912	0.06902280516731771	0.020658236954917995	0.7172986982725398	0.23375313690024138	3
NIC1119	TRUE	FALSE	FALSE	TRUE	TRUE	TRUE	0.8273280964409396	0.7717863163768351	0.22435552275458298	0.7876324322564549	0.6401492062704955	0.689207178094661	4
NIC166	FALSE	FALSE	FALSE	TRUE	TRUE	TRUE	0.13218604861071476	0.005774749856279431	0.0053548800787223344	0.6864368013208506	0.748693494299451	0.27674317512549856	3
NIC1779	TRUE	FALSE	FALSE	TRUE	TRUE	TRUE	0.6722425013904135	0.13918952814396413	0.14867574564592564	0.7559034281027749	0.8214232704876381	0.7064639672994799	4
NIC1780	FALSE	FALSE	FALSE	FALSE	TRUE	TRUE	0.05026427811986891	0.025425907016321404	0.10848172012958325	0.017555113822545033	0.373292838248261	0.25002974354852836	2
NIC1783	FALSE	FALSE	FALSE	TRUE	TRUE	FALSE	0.10250626183842532	0.24797620195850528	0.16324432672971148	0.2529064267376644	0.4610858424711663	0.034981742992261936	2
NIC1785	FALSE	FALSE	FALSE	TRUE	TRUE	FALSE	0.05034372083947792	0.0296906837800469	0.0751587220139409	0.12767964626918224	0.3738035924182686	0.029585461850145794	2
NIC1786	FALSE	FALSE	FALSE	TRUE	TRUE	FALSE	0.10250626183842532	0.022811096481395888	0.1853215162492185	0.24608041559611116	0.3142807279968052	0.034981742992261936	2
NIC1787	FALSE	FALSE	FALSE	TRUE	FALSE	FALSE	0.019032869508198463	0.01478946338559348	0.030736282363969976	0.12958296008256806	0.06747756333334858	0.029319632412634113	1
NIC1788	FALSE	FALSE	FALSE	TRUE	TRUE	FALSE	0.10250626183842532	0.06261697706395206	0.21098109601344453	0.21023510198551162	0.1801404297142516	0.09745222520121764	2
NIC1789	FALSE	FALSE	FALSE	FALSE	FALSE	FALSE	0.10250626183842532	0.03208798377293509	0.07674699751008593	0.05337222764405836	0.073060233028882	0.03492993164966412	0
NIC1794	FALSE	FALSE	FALSE	TRUE	TRUE	TRUE	0.10250626183842532	0.031370337525958435	0.16462102139608412	0.2495761004265562	0.31629649546765254	0.19386613529375113	3
NIC1796	FALSE	FALSE	FALSE	FALSE	TRUE	FALSE	0.10240624498090588	0.052414894794696305	0.1770721201680128	0.07222441713128017	0.25698478834561916	0.10283947604397034	1
NIC1798	FALSE	FALSE	FALSE	FALSE	TRUE	TRUE	0.05115580197325893	0.04540336297554949	0.07528318132557173	9.226833429061683e-4	0.37823207034532597	0.3488300795659677	2
NIC1799	TRUE	FALSE	FALSE	TRUE	TRUE	FALSE	0.2976237534395313	0.16653126959788456	0.1933964509444715	0.2052432807840963	0.2837653207595404	0.007849136206714388	3
NIC1801	FALSE	FALSE	FALSE	TRUE	FALSE	FALSE	0.07140393935009617	0.001029299204387736	0.16747426931102674	0.22845537546729544	0.09891169258270267	0.10283947604397034	1
NIC1802	FALSE	FALSE	FALSE	TRUE	TRUE	FALSE	0.10251847358479797	0.09570213155053416	0.1121722662439417	0.22845537546729544	0.26353682699327846	0.10938469346197295	2
NIC1805	TRUE	FALSE	FALSE	TRUE	TRUE	TRUE	0.2722900210121679	0.26856113049009606	0.016833886121913354	0.23883937463184804	0.23353448481301914	0.5258561175311522	4
NIC1806	FALSE	FALSE	FALSE	FALSE	TRUE	FALSE	0.05026427811986891	0.014816973818116853	0.03376064363659919	0.024223848091633724	0.12770866647617896	0.029319632412634113	1
NIC1808	TRUE	FALSE	FALSE	TRUE	TRUE	TRUE	0.8376420445118156	0.0022621228316402433	0.012484506271366425	0.17638836245143058	0.6257954205441224	0.5896503851874193	4
NIC1809	TRUE	FALSE	FALSE	TRUE	TRUE	TRUE	0.650788586795651	0.16504788332621054	0.016833886121913354	0.2537541399095853	0.6923076589775914	0.6603058178606679	4
NIC1810	FALSE	FALSE	FALSE	TRUE	TRUE	TRUE	0.08518064756767232	0.14639026840550193	0.03376064363659919	0.3367928895722052	0.22470525960287888	0.4399684887703712	3
NIC1811	TRUE	FALSE	FALSE	TRUE	TRUE	TRUE	0.2659992460573979	0.2683056199261559	0.016833886121913354	0.2951230585491243	0.23353448481301914	0.6603058178606679	4
NIC1812	FALSE	FALSE	FALSE	TRUE	TRUE	TRUE	0.1389678154114894	0.07005409593395807	0.07495027086276505	0.5363764956133565	0.6066789448586255	0.6152175331389411	3
NIC1832	TRUE	FALSE	FALSE	TRUE	TRUE	TRUE	0.48904765634021924	0.0870333765539601	0.18006132714384804	0.7525436410364018	0.44883756366072425	0.5451219790262267	4
NIC195	FALSE	FALSE	FALSE	FALSE	TRUE	TRUE	0.003485856275709376	0.046354814912844704	0.41628641071718403	0.04798022163085456	0.06677563140774662	0.4619648305960991	2
NIC199	TRUE	FALSE	FALSE	FALSE	TRUE	FALSE	0.48020635196642303	0.10561914768325874	0.017390604995986006	0.014825236679052984	0.20553288933812106	0.0025925425078766784	2
NIC2	TRUE	FALSE	FALSE	TRUE	TRUE	TRUE	0.6297281691804724	0.21666484363320848	0.17867298716176727	0.9810494551508434	0.8315293089075787	0.9996489471122457	4
NIC207	TRUE	FALSE	FALSE	TRUE	TRUE	TRUE	0.6297281691804724	0.16564222741878387	0.06741284027066625	0.5891139414197528	0.8606107144757091	0.9996489471122457	4
NIC231	TRUE	FALSE	FALSE	TRUE	TRUE	TRUE	0.9635407029452874	0.2969521607432593	0.26204391302987096	0.26708776823258223	0.9742515674915009	0.8729325129607372	4
NIC236	TRUE	FALSE	FALSE	TRUE	TRUE	TRUE	0.3113478316849688	0.28044088733745587	0.02018882879420762	0.2859737172234052	0.6627362972224342	0.43182473904692414	4
NIC242	TRUE	FALSE	FALSE	TRUE	TRUE	TRUE	0.5368632138396252	0.16687458924021464	0.06902280516731771	0.7079968010434381	0.7417856271975993	0.35673458279565423	4
NIC251	FALSE	FALSE	FALSE	FALSE	FALSE	FALSE	0.0038285815923851797	0.06796594195259154	0.015186656214995818	0.014857047416741698	0.048567912034160686	0.0013538111926948491	0
NIC252	FALSE	FALSE	FALSE	TRUE	TRUE	TRUE	0.0415271054311742	0.04608808906466245	0.018971820519482978	0.3712680487964106	0.356073408214096	0.2235361997610583	3
NIC255	TRUE	FALSE	FALSE	TRUE	TRUE	TRUE	0.6297281691804724	0.2338297701935481	0.06902280516731771	0.669868336216456	0.8585183507295783	0.9538227740537827	4
NIC256	TRUE	FALSE	FALSE	FALSE	TRUE	TRUE	0.5210379187998508	0.05488225732796777	0.022724159590317792	0.02216062084013706	0.554909780323712	0.24905379394482308	3
NIC258	TRUE	FALSE	FALSE	TRUE	FALSE	FALSE	0.6349137810885179	0.023294343287711756	0.022724159590317792	0.2989584018147825	0.007640562710612676	0.012481679780166392	2
NIC259	TRUE	FALSE	FALSE	FALSE	TRUE	TRUE	0.4925592634724101	0.22516378603190446	0.021447105156473013	0.037425189599161204	0.7360380660860724	0.4409812368439826	3
NIC260	TRUE	FALSE	FALSE	TRUE	TRUE	FALSE	0.39211526030266547	0.05485375731154067	0.022724159590317792	0.6556203354640032	0.6380566499504483	0.06330341444649232	3
NIC261	TRUE	FALSE	FALSE	FALSE	TRUE	FALSE	0.6265878920534715	0.10721000276687659	0.022724159590317792	0.014876420442577348	0.4799393584736977	0.06701232771317601	2
NIC262	TRUE	FALSE	FALSE	FALSE	TRUE	FALSE	0.6052633954229844	0.09048682646115692	0.012548264374868535	0.01131384708801928	0.47311213169937577	0.13516111860124275	2
NIC265	TRUE	FALSE	FALSE	FALSE	TRUE	FALSE	0.25315195792787903	0.15282863322761497	0.005685898177726441	0.017373018843018825	0.09641920838158714	3.914634774057395e-4	2
NIC266	TRUE	FALSE	FALSE	FALSE	TRUE	TRUE	0.3247440510875755	0.13010772082597796	0.16527359577507947	0.06686938035376865	0.22461802361870942	0.21940009689511217	3
NIC267	FALSE	FALSE	FALSE	TRUE	TRUE	TRUE	0.21746651393134608	0.18981960940991377	0.10933175539305488	0.7242641244977127	0.9417357505532288	0.2571302114986414	3
NIC268	FALSE	FALSE	FALSE	TRUE	FALSE	TRUE	0.0019871962494010273	0.25237833296806694	0.07528914954987216	0.10144472907253244	0.1438748616175872	0.29772575296893666	2
NIC269	TRUE	FALSE	FALSE	FALSE	TRUE	FALSE	0.6119028024630562	0.23813274489595712	0.018918106500779144	0.05285047422931897	0.399060913296242	0.13795791519284656	2
NIC271	TRUE	FALSE	FALSE	FALSE	TRUE	TRUE	0.6265878920534715	0.05488225732796777	0.022724159590317792	0.02216062084013706	0.4799393584736977	0.24905379394482308	3
NIC272	TRUE	FALSE	FALSE	FALSE	TRUE	FALSE	0.2858676910375073	0.15759539291956676	0.09229829767319314	0.05247516484123662	0.8202393741925436	0.016607341362473507	2
NIC274	TRUE	FALSE	FALSE	TRUE	TRUE	TRUE	0.8585551247522808	0.1801260413226488	0.11524903143725759	0.3183861077292699	0.7837328961263516	0.10681506533873104	4
NIC275	TRUE	FALSE	FALSE	TRUE	TRUE	TRUE	0.844379676468363	0.12120304902675742	0.2615767903035279	0.582945237557144	0.9410728148457158	0.6224472472486935	4
NIC276	TRUE	FALSE	FALSE	TRUE	TRUE	FALSE	0.33106422714910144	0.16469545951196624	0.10414202044771873	0.9809979848040966	0.9325509857497709	0.06153172615075363	3
NIC277	TRUE	FALSE	FALSE	TRUE	TRUE	TRUE	0.42211699914915984	0.20473138536600685	0.17587359883197484	0.6477976451915147	0.9823152150966397	0.2367567837866393	4
NIC3	TRUE	FALSE	FALSE	TRUE	TRUE	TRUE	0.7299316540412253	0.13929521570488126	0.30494365486777836	0.628950212985785	0.8495597639910366	0.2723151113932578	4
NIC501	TRUE	FALSE	FALSE	FALSE	TRUE	FALSE	0.7634773213268858	0.14594079939643298	0.36320145741126086	0.023152141473068714	0.2131419662133878	0.053555093404901465	2
NIC511	FALSE	FALSE	FALSE	TRUE	TRUE	TRUE	0.0670267583255572	0.14574341039377126	0.04123911981792549	0.8076237327361551	0.8910140918370565	0.25624202511687466	3
NIC513	TRUE	FALSE	FALSE	TRUE	TRUE	TRUE	0.3396987282528044	0.26390533613988126	0.0420090935359036	0.369358602102065	0.7833308499322019	0.3481998775491406	4
NIC514	TRUE	FALSE	FALSE	TRUE	TRUE	TRUE	0.4865040955808079	0.22948068088122578	0.016916858996333908	0.32831151642130463	0.8716748081301819	0.4435842770748693	4
NIC515	TRUE	FALSE	FALSE	TRUE	TRUE	TRUE	0.1379718944002506	0.15862159142772284	0.5234588334450556	0.5443235630043757	0.45113627035837284	0.7151936705728732	4
NIC522	TRUE	FALSE	FALSE	TRUE	TRUE	TRUE	0.6704118013255054	0.3161215224867109	0.004878513883035905	0.15010873827208315	0.8177643179308703	0.4456412663911221	4
NIC523	FALSE	FALSE	FALSE	TRUE	TRUE	TRUE	0.13491086088829837	0.14366944044835803	0.0012635167543340589	0.207595957090238	0.8505904195920851	0.5449244412276512	3
NIC526	TRUE	FALSE	FALSE	FALSE	TRUE	TRUE	0.20489007437219015	0.38251145311424034	0.006258265444781916	0.1002963901002921	0.8503233677133941	0.5025319830627705	3
NIC527	TRUE	FALSE	FALSE	TRUE	TRUE	FALSE	0.34688494278398613	0.18760656993989794	0.4444872167185975	0.17802303315211912	0.7621504632967354	0.0316688083526657	3
NIC528	TRUE	FALSE	FALSE	TRUE	TRUE	TRUE	0.2785982508000685	0.3159904356055983	0.5242693474183426	0.8349645172714824	0.7390691795316072	0.7710951743886262	4
NIC529	TRUE	FALSE	FALSE	TRUE	TRUE	TRUE	0.6383554361518132	0.28733373506041676	0.05759838654150864	0.26021257941006154	0.868783166343664	0.4908492025794147	4
PB303	TRUE	FALSE	FALSE	TRUE	TRUE	TRUE	0.7957852219285799	0.5867880257180982	0.11358346015809971	0.9810494551508434	0.8555944046685695	0.7885274900373223	4
PB306	FALSE	FALSE	FALSE	TRUE	TRUE	TRUE	0.2747710629396063	0.0013400945224155928	0.0013705808756258448	0.6259693462560968	0.24108911141339867	0.10469819384982432	3
PS2025	TRUE	FALSE	FALSE	TRUE	TRUE	TRUE	0.3848056673122079	0.0021603936063379816	4.912867564374941e-5	0.4404441375074447	0.14548025407239673	0.23659615733671188	4
PX179	TRUE	FALSE	FALSE	TRUE	TRUE	TRUE	0.20740416765665878	0.1337227367985219	0.19735898796383838	0.6843673838717497	0.8962920614532254	0.9996489471122457	4
QG2075	TRUE	FALSE	FALSE	TRUE	TRUE	TRUE	0.3914821741687053	0.0020951470409528083	0.020824954164765205	0.7619741205033158	0.2702348848131154	0.5794183787361735	4
QG2811	TRUE	FALSE	FALSE	TRUE	TRUE	TRUE	0.6115430205223708	0.2611395151012483	0.0028945160024833635	0.6853240559848349	0.8244590538506479	0.30337031090417677	4
QG2813	TRUE	FALSE	FALSE	TRUE	TRUE	TRUE	0.745850793697146	0.058333662095096904	0.00846760018428712	0.7428642926991377	0.7622807395512402	0.49865742024213844	4
QG2818	TRUE	FALSE	FALSE	TRUE	TRUE	TRUE	1	1	1	1	1	1	4
QG2823	TRUE	FALSE	FALSE	TRUE	TRUE	TRUE	0.3023396113213508	0.006174937586943192	0.0918255706386655	0.5224833995235496	0.9306640502290546	0.9029823579556486	4
QG2824	TRUE	FALSE	FALSE	TRUE	TRUE	TRUE	0.663582979480284	0.3149275565207444	0.1843123768598843	0.6780514335494611	0.993137243338086	0.8826847847582995	4
QG2825	TRUE	FALSE	FALSE	TRUE	TRUE	TRUE	0.3097416551960317	0.06699417055913998	0.022724159590317792	0.46167319092478054	0.9197559414469378	0.8595407483228477	4
QG2827	TRUE	FALSE	FALSE	TRUE	TRUE	TRUE	0.7243304445473889	0.14362906542508633	0.022376619699652753	0.2517087954511677	0.43718221993915146	0.5653812863300232	4
QG2828	TRUE	FALSE	FALSE	TRUE	TRUE	TRUE	0.6529451546577857	0.14101003266550494	0.022376619699652753	0.24274395640404314	0.44917798620159743	0.5292811407615974	4
QG2832	TRUE	FALSE	FALSE	TRUE	TRUE	TRUE	0.7835067091600044	0.2508103702587551	0.02225914757744681	0.3070665862934467	0.3008612146262778	0.4472115225716848	4
QG2835	TRUE	FALSE	FALSE	TRUE	TRUE	TRUE	0.7876786133827467	0.12092669122857898	0.0854049258229781	0.29130342004405474	0.46036494201479017	0.7833028410224827	4
QG2836	TRUE	FALSE	FALSE	TRUE	TRUE	TRUE	0.800599968408743	0.1812035002770175	0.0854049258229781	0.7648635098684073	0.5009725704934875	0.4611053718541823	4
QG2837	TRUE	FALSE	FALSE	TRUE	TRUE	TRUE	0.7835067091600044	0.14645835177807776	0.17406318893869688	0.9970402257954819	0.3008612146262778	0.40674364695864035	4
QG2838	TRUE	FALSE	FALSE	TRUE	TRUE	TRUE	1	0.16248519087688085	0.10924208646210214	0.8015966009854222	0.45706725812535554	0.6752961712433729	4
QG2841	TRUE	FALSE	FALSE	TRUE	TRUE	FALSE	0.997814163767483	0.005774749856279431	0.21319727237592825	0.9476523646927406	0.7329828809009763	0.008210630378107665	3
QG2843	TRUE	FALSE	FALSE	TRUE	TRUE	TRUE	0.999886377664185	0.4659113414627871	0.24892335417117012	0.9811233936222279	0.9920703838407375	0.9996489471122457	4
QG2846	TRUE	FALSE	FALSE	TRUE	FALSE	TRUE	0.3214575648450369	0.16802877393325164	0.013432944452571904	0.3138407831883862	0.09923911638421289	0.2095259724955142	3
QG2850	TRUE	FALSE	FALSE	TRUE	TRUE	TRUE	0.5983192920372776	0.45716744406179066	0.435876306367877	0.5952616673904804	0.5343680650822809	0.920661313655709	4
QG2854	TRUE	FALSE	FALSE	TRUE	TRUE	TRUE	0.5983192920372776	0.9187398559403336	0.9405791215501662	0.4907828817421784	0.25432312795886813	0.6999244502579505	4
QG2855	TRUE	FALSE	FALSE	TRUE	TRUE	TRUE	0.5983192920372776	0.9187398559403336	0.9405791215501662	0.4477721278213903	0.2523608478933256	0.6999244502579505	4
QG2857	TRUE	FALSE	FALSE	TRUE	TRUE	TRUE	0.5983192920372776	0.3624284415386156	0.960046086336915	0.49562751380055836	0.5881710027492334	0.6999244502579505	4
QG2873	TRUE	FALSE	FALSE	TRUE	TRUE	TRUE	0.7436765055291337	0.3481087666182474	0.25680628672368505	0.6355486197320916	0.19765377568845777	0.9535769241536126	4
QG2874	TRUE	FALSE	FALSE	TRUE	TRUE	TRUE	0.7436765055291337	0.3481087666182474	0.3405654383042091	0.6044399536216639	0.17227609611267886	0.9535769241536126	4
QG2875	TRUE	FALSE	FALSE	TRUE	TRUE	TRUE	0.8093113902409563	0.27635852387331583	0.5646444575939468	0.5932482483030405	0.4345196448262971	0.2102590634857136	4
QG2877	TRUE	FALSE	FALSE	TRUE	TRUE	TRUE	0.6015447859161398	0.2531335174311246	0.5629053752593812	0.48970487029272014	0.23337638162758179	0.8258553048042095	4
QG2932	TRUE	FALSE	FALSE	TRUE	TRUE	TRUE	0.5831490510012969	0.8257274134401064	0.4339904930553888	0.821887724832419	0.8077109966205684	0.9983473423377458	4
QG536	TRUE	FALSE	FALSE	TRUE	TRUE	TRUE	0.8816182024043867	0.12513374226458757	0.1904312624322843	0.9811233936222279	0.7451291918226375	0.5144942513114252	4
QG556	TRUE	FALSE	FALSE	TRUE	TRUE	FALSE	0.2690584212601195	0.0021603936063379816	4.912867564374941e-5	0.4505433302655555	0.18500773545350796	0.015453156225082018	3
QG557	TRUE	FALSE	FALSE	TRUE	TRUE	FALSE	0.4076521855707598	0.0013400945224155928	0.07739855292395682	0.3353151518441143	0.9912080859861795	0.14058172511226918	3
QW947	TRUE	FALSE	FALSE	TRUE	TRUE	TRUE	0.9163471480926447	0.28360597249510916	0.5350882096273281	0.2742436366631419	0.672367352077355	0.5517543952724577	4
QX1211	FALSE	FALSE	FALSE	FALSE	FALSE	FALSE	0	0	1.6012309098703511e-6	0	0	1.3771206529267652e-5	0
QX1212	TRUE	FALSE	FALSE	TRUE	TRUE	TRUE	0.4045362655683174	3.911495310097991e-4	0.2054182014828854	0.6259693462560968	0.3316988461693076	0.5144942513114252	4
QX1233	TRUE	FALSE	FALSE	TRUE	TRUE	TRUE	0.337754140379334	0.5003573717337628	4.912867564374941e-5	0.34390668758571347	0.6886794219605036	0.4247790172867021	4
QX1791	FALSE	FALSE	FALSE	FALSE	TRUE	FALSE	1.3419647372549853e-4	0	4.912867564374941e-5	0	0.24862491391344138	0	1
QX1792	FALSE	FALSE	FALSE	FALSE	TRUE	TRUE	0.014077953417497043	7.27674030534337e-5	8.851167770424246e-4	0	0.47007307457978564	0.2816518765413592	2
QX1793	TRUE	FALSE	FALSE	TRUE	TRUE	FALSE	0.2565178205218398	9.676811133161972e-4	9.027303170509984e-4	0.09381857757398017	0.16924527152801866	4.2984224970041984e-4	3
QX1794	FALSE	FALSE	FALSE	FALSE	TRUE	FALSE	0.010932433203738387	0.0012783444868235583	4.912867564374941e-5	0	0.15261733227834923	5.909202145960341e-4	1
RC301	TRUE	FALSE	FALSE	TRUE	TRUE	TRUE	0.32347011374179857	0.5867880257180982	0.004684401026825712	0.9810494551508434	0.8604455823423198	0.7885274900373223	4
TWN2530	TRUE	FALSE	FALSE	TRUE	TRUE	TRUE	0.7582185053087913	0.002324268700793765	0.10861767919047588	0.8486737988824286	0.7344217932049812	0.6363842726500226	4
TWN2542	TRUE	FALSE	FALSE	TRUE	TRUE	TRUE	0.33362179159592925	0.002324268700793765	0.10861767919047588	0.5843168248596502	0.813259051154613	0.6363842726500226	4
WN2001	FALSE	FALSE	FALSE	TRUE	TRUE	TRUE	0.05480306567928503	0.12840656012322563	4.597716208023186e-4	0.44296704424770444	0.4348977155678439	0.26923662590088526	3
WN2002	TRUE	FALSE	FALSE	TRUE	TRUE	TRUE	0.28781685831586745	0.4288935145705674	0.10997916216320473	0.6145630474205246	0.7452967311299828	0.4075968409303737	4
WN2033	TRUE	FALSE	FALSE	TRUE	TRUE	TRUE	0.33697092940681445	0.13516014040480315	0.21642484440766466	0.48286653607260277	0.992042990201117	0.42892832696546723	4
WN2050	TRUE	FALSE	FALSE	FALSE	FALSE	TRUE	0.6301379263658241	0.15989709910735572	0.36665058157434477	0.02291926394652953	0.04114654658399147	0.23346360292690063	2
WN2063	FALSE	FALSE	FALSE	TRUE	TRUE	TRUE	0.15057853148440414	0.15621630879134465	0.01653481985788348	0.343261932651911	0.8120214267368181	0.4191875123602223	3
WN2064	TRUE	FALSE	FALSE	TRUE	TRUE	TRUE	0.6139487345577821	0.1308233879051472	0.13527984785395028	0.8615470599169287	0.9236610997559367	0.12603650904881147	4
WN2066	TRUE	FALSE	FALSE	TRUE	TRUE	TRUE	0.6575960380847203	0.13111155473791003	0.06900635615887996	0.48206989203091727	0.6672380495247155	0.08932721334894973	4
WN2068	FALSE	FALSE	FALSE	TRUE	TRUE	TRUE	0.15684614394197827	0.266991782363319	0.0418633815231054	0.5366729946152732	0.8505904195920851	0.44381206637631243	3
WN2069	TRUE	FALSE	FALSE	TRUE	TRUE	TRUE	0.6618698174742127	0.13066861698260562	0.4523652000119365	0.10859314633930915	0.5990965876142715	0.1959711545147433	4
XZ1513	TRUE	FALSE	FALSE	FALSE	TRUE	FALSE	0.2912912992634459	0.001221806259791108	4.912867564374941e-5	0.02325129926802633	0.1566201255630079	0.003370446358667236	2
XZ1514	FALSE	FALSE	FALSE	FALSE	FALSE	FALSE	0	0	0	0	0.006792419038916541	0	0
XZ1515	TRUE	FALSE	FALSE	TRUE	TRUE	TRUE	0.33582607818437876	0.001589271749371911	0.17398931396717332	0.1702883812455583	0.3324454071000559	0.16588705082162178	4
XZ1516	FALSE	FALSE	FALSE	FALSE	FALSE	FALSE	0	0	0	0	0	0	0
XZ1672	TRUE	FALSE	FALSE	TRUE	TRUE	TRUE	0.33114612549162237	0.22292475349135096	0.1934099886239822	0.4563319674585897	0.9710204178902131	0.5481573448391388	4
XZ1734	TRUE	FALSE	FALSE	TRUE	TRUE	TRUE	0.6428013746178851	0.5266969945545177	0.11480643665712478	0.32704607954438314	0.5788601501739544	0.5684923937788462	4
XZ1735	TRUE	FALSE	FALSE	TRUE	TRUE	TRUE	0.27626009957882747	0.20811840120713404	0.1550896216218577	0.4115923142735812	0.387464978627906	0.46345144362880775	4
XZ1756	TRUE	FALSE	FALSE	TRUE	TRUE	TRUE	0.6304983056201908	0.09081451067780824	0.10569426824839168	0.4453398960127046	0.8285850944418595	0.2034092427823075	4
XZ2018	FALSE	FALSE	FALSE	TRUE	TRUE	TRUE	0.16844431642758634	0.24821079931594683	0.0030346964903201954	0.8248853853389411	0.8991423479911772	0.9988249887347015	3
XZ2019	FALSE	FALSE	FALSE	FALSE	FALSE	FALSE	0	0	0	0.01260341427226862	0.02050628164079717	0	0
XZ2020	FALSE	FALSE	FALSE	TRUE	TRUE	TRUE	0.13107112944052945	0.21516522818551348	0.09532105771491248	0.7202368851063216	0.2725063423015809	0.39433985351048373	3
XZ2211	TRUE	FALSE	FALSE	FALSE	TRUE	FALSE	0.20797725694974467	1.144618715301065e-4	3.45720310085644e-5	3.308316719626291e-4	0.22953342469360888	0.003370446358667236	2
